{
"defaultwide:1": {
    "icon": "defaultwide:textures/skinpack_icons/oak.png",
    "type": "skin",
    "skins": [
      {"model": "defaultwide:skinpacks/1/widealex.cpmmodel"},
      {"model": "defaultwide:skinpacks/1/wideari.cpmmodel"},
      {"model": "defaultwide:skinpacks/1/wideefe.cpmmodel"},
      {"model": "defaultwide:skinpacks/1/widekai.cpmmodel"},
      {"model": "defaultwide:skinpacks/1/widemakena.cpmmodel"},
      {"model": "defaultwide:skinpacks/1/widenoor.cpmmodel"},
      {"model": "defaultwide:skinpacks/1/widesteve.cpmmodel"},
      {"model": "defaultwide:skinpacks/1/widesunny.cpmmodel"},
      {"model": "defaultwide:skinpacks/1/widezuri.cpmmodel"}
    ]
  }
} 