{
"capes:1": {
    "icon": "oak:textures/skinpack_icons/oak.png",
    "type": "skin",
    "skins": [
      {"model": "capes:skinpacks/1/1mill.cpmmodel"},
      {"model": "capes:skinpacks/1/4jstudio.cpmmodel"},
      {"model": "capes:skinpacks/1/15anniversay.cpmmodel"},
      {"model": "capes:skinpacks/1/champ15.cpmmodel"},
      {"model": "capes:skinpacks/1/cherry.cpmmodel"},
      {"model": "capes:skinpacks/1/follower.cpmmodel"},
      {"model": "capes:skinpacks/1/julianclark.cpmmodel"},
      {"model": "capes:skinpacks/1/marketplace.cpmmodel"},
      {"model": "capes:skinpacks/1/migration.cpmmodel"},
      {"model": "capes:skinpacks/1/minecon2011.cpmmodel"},
      {"model": "capes:skinpacks/1/minecon2011a.cpmmodel"},
      {"model": "capes:skinpacks/1/minecon2011b.cpmmodel"},
      {"model": "capes:skinpacks/1/minecon2011c.cpmmodel"},
      {"model": "capes:skinpacks/1/minecon2012.cpmmodel"},
      {"model": "capes:skinpacks/1/minecon2013.cpmmodel"},
      {"model": "capes:skinpacks/1/minecon2016.cpmmodel"},
      {"model": "capes:skinpacks/1/mojangdeveloper.cpmmodel"},
      {"model": "capes:skinpacks/1/mojangstudio.cpmmodel"},
      {"model": "capes:skinpacks/1/oldmojang.cpmmodel"},
      {"model": "capes:skinpacks/1/newyears.cpmmodel"},
      {"model": "capes:skinpacks/1/pancake.cpmmodel"},
      {"model": "capes:skinpacks/1/translation.cpmmodel"},
      {"model": "capes:skinpacks/1/pride.cpmmodel"},
      {"model": "capes:skinpacks/1/realms.cpmmodel"},
      {"model": "capes:skinpacks/1/scrolls.cpmmodel"},
      {"model": "capes:skinpacks/1/playstation.cpmmodel"},
      {"model": "capes:skinpacks/1/wii.cpmmodel"},
      {"model": "capes:skinpacks/1/xbox.cpmmodel"},
      {"model": "capes:skinpacks/1/xboxbirthday.cpmmodel"},
      {"model": "capes:skinpacks/1/xmas.cpmmodel"}
    ]
  }
} 