{
"defaultslim:1": {
    "icon": "defaultslim:textures/skinpack_icons/oak.png",
    "type": "skin",
    "skins": [
      {"model": "defaultslim:skinpacks/1/slimalex.cpmmodel"},
      {"model": "defaultslim:skinpacks/1/slimari.cpmmodel"},
      {"model": "defaultslim:skinpacks/1/slimefe.cpmmodel"},
      {"model": "defaultslim:skinpacks/1/slimkai.cpmmodel"},
      {"model": "defaultslim:skinpacks/1/slimmakena.cpmmodel"},
      {"model": "defaultslim:skinpacks/1/slimnoor.cpmmodel"},
      {"model": "defaultslim:skinpacks/1/slimsteve.cpmmodel"},
      {"model": "defaultslim:skinpacks/1/slimsunny.cpmmodel"},
      {"model": "defaultslim:skinpacks/1/slimzuri.cpmmodel"}
    ]
  }
} 